/* users */
INSERT INTO `xml`.`users` (`type`, `id`, `address`, `city`, `country`, `email`, `enabled`, `password`, `phone`, `username`, `last_name`, `first_name`,`advertisements_posted`, `deleted`, `can_create_pricelist`, `can_rent`, `can_send_message`, `can_post_advertisement`) VALUES ('ADMIN', '1', 'Puskinova 8', 'Novi Sad', 'Serbia', 'marko@gmail.com', b'1', '$2a$10$1hoVKaxcWC6/T/.NSGcOm.F7E8vT2xbuJfFuIWEl4hexg28P09CJm', '063555333', 'jovanjo', 'Jovanovic', 'Jovan','0', b'0', b'1', b'1', b'1', b'1');
INSERT INTO `xml`.`users` (`type`, `id`, `address`, `city`, `country`, `email`, `enabled`, `password`, `phone`, `username`, `last_name`, `first_name`,`advertisements_posted`, `deleted`, `can_create_pricelist`, `can_rent`, `can_send_message`, `can_post_advertisement`) VALUES ('AGENT', '2', 'Cara Dusana 51', 'Novi Sad', 'Serbia', 'mara@gmail.com', b'1', '$2a$10$1hoVKaxcWC6/T/.NSGcOm.F7E8vT2xbuJfFuIWEl4hexg28P09CJm', '063555333', 'maricm', 'Maric', 'Mara','0', b'0', b'1', b'1', b'1', b'1');
INSERT INTO `xml`.`users` (`type`, `id`, `address`, `city`, `country`, `email`, `enabled`, `password`, `phone`, `username`, `last_name`, `first_name`,`advertisements_posted`, `deleted`, `can_create_pricelist`, `can_rent`, `can_send_message`, `can_post_advertisement`) VALUES ('CUSTOMER', '3', 'Laze Kostica 36', 'Indjija', 'Serbia', 'petar@gmail.com', b'1', '$2a$10$1hoVKaxcWC6/T/.NSGcOm.F7E8vT2xbuJfFuIWEl4hexg28P09CJm', '063555333', 'peraPetar', 'Peric', 'Pera','0', b'0', b'1', b'1', b'1', b'1');
INSERT INTO `xml`.`users` (`type`, `id`, `address`, `city`, `country`, `email`, `enabled`, `password`, `phone`, `username`, `last_name`, `first_name`,`advertisements_posted`, `deleted`, `can_create_pricelist`, `can_rent`, `can_send_message`, `can_post_advertisement`) VALUES ('CUSTOMER', '4', 'Janka Veselinovica 1', 'Novi Sad', 'Serbia', 'marko@gmail.com', b'1', '$2a$10$1hoVKaxcWC6/T/.NSGcOm.F7E8vT2xbuJfFuIWEl4hexg28P09CJm', '0651111111', 'markomarkovic', 'Markovic', 'Marko','0', b'0', b'1', b'1', b'1', b'1');
INSERT INTO `xml`.`users` (`type`, `id`, `address`, `city`, `country`, `email`, `enabled`, `password`, `phone`, `username`, `last_name`, `first_name`,`advertisements_posted`, `deleted`, `can_create_pricelist`, `can_rent`, `can_send_message`, `can_post_advertisement`) VALUES ('CUSTOMER', '5', 'Kralja Petra 30', 'Belgrade', 'Serbia', 'katarina@gmail.com', b'1', '$2a$10$1hoVKaxcWC6/T/.NSGcOm.F7E8vT2xbuJfFuIWEl4hexg28P09CJm', '0612233444', 'katarinak', 'Katic', 'Katarina','0', b'0', b'1', b'1', b'1', b'1');
INSERT INTO `xml`.`users` (`type`, `id`, `address`, `city`, `country`, `email`, `enabled`, `password`, `phone`, `username`, `last_name`, `first_name`,`advertisements_posted`, `deleted`, `can_create_pricelist`, `can_rent`, `can_send_message`, `can_post_advertisement`) VALUES ('CUSTOMER', '6', 'Bulevar Oslobodjenja 208', 'Novi Sad', 'Serbia', 'jovanaj@gmail.com', b'1', '$2a$10$1hoVKaxcWC6/T/.NSGcOm.F7E8vT2xbuJfFuIWEl4hexg28P09CJm', '0612233444', 'jovanaj', 'Jovanic', 'Jovana','0', b'0', b'1', b'1', b'1', b'1');
INSERT INTO `xml`.`users` (`type`, `id`, `address`, `city`, `country`, `email`, `enabled`, `password`, `phone`, `username`, `last_name`, `first_name`,`advertisements_posted`, `deleted`, `can_create_pricelist`, `can_rent`, `can_send_message`, `can_post_advertisement`) VALUES ('CUSTOMER', '7', 'Deligradska', 'Belgrade', 'Serbia', 'anja@gmail.com', b'1', '$2a$10$1hoVKaxcWC6/T/.NSGcOm.F7E8vT2xbuJfFuIWEl4hexg28P09CJm', '0612233444', 'anjaaa', 'Jovanovic', 'Anja','0', b'0', b'1', b'1', b'1', b'1');
INSERT INTO `xml`.`users` (`type`, `id`, `address`, `city`, `country`, `email`, `enabled`, `password`, `phone`, `username`, `last_name`, `first_name`,`advertisements_posted`, `deleted`, `can_create_pricelist`, `can_rent`, `can_send_message`, `can_post_advertisement`) VALUES ('CUSTOMER', '8', 'Rumenacka', 'Novi Sad', 'Serbia', 'milan@gmail.com', b'1', '$2a$10$1hoVKaxcWC6/T/.NSGcOm.F7E8vT2xbuJfFuIWEl4hexg28P09CJm', '0612233444', 'milannn', 'Milankovic', 'Milan','0', b'0', b'1', b'1', b'1', b'1');
INSERT INTO `xml`.`users` (`type`, `id`, `address`, `city`, `country`, `email`, `enabled`, `password`, `phone`, `username`, `last_name`, `first_name`,`advertisements_posted`, `deleted`, `can_create_pricelist`, `can_rent`, `can_send_message`, `can_post_advertisement`) VALUES ('CUSTOMER', '9', 'Micurinova', 'Novi Sad', 'Serbia', 'nikola@gmail.com', b'1', '$2a$10$1hoVKaxcWC6/T/.NSGcOm.F7E8vT2xbuJfFuIWEl4hexg28P09CJm', '0612233444', 'nikolan', 'Nikolic', 'Nikola','0', b'0', b'1', b'1', b'1', b'1');
INSERT INTO `xml`.`users` (`type`, `id`, `address`, `advertisements_posted`, `city`, `country`, `deleted`, `email`, `enabled`, `first_name`, `last_name`, `password`, `phone`, `username`, `can_create_pricelist`, `can_rent`, `can_send_message`, `can_post_advertisement`) VALUES ('CUSTOMER', '10', 'lk', '0', 'in', 'srb', b'0', 'igor_malesevic@yahoo.com', b'1', 'ig', 'mal', '$2a$10$1hoVKaxcWC6/T/.NSGcOm.F7E8vT2xbuJfFuIWEl4hexg28P09CJm', '2345678922', 'iggy', b'1', b'1', b'1', b'1');

/* authorities */
INSERT INTO `xml`.`authority` (`id`, `name`) VALUES ('1', 'ROLE_ADMIN');
INSERT INTO `xml`.`authority` (`id`, `name`) VALUES ('2', 'ROLE_AGENT');
INSERT INTO `xml`.`authority` (`id`, `name`) VALUES ('3', 'ROLE_CUSTOMER');

/* user_authorities */
INSERT INTO `xml`.`user_authority` (`user_id`, `authority_id`) VALUES ('1', '1');
INSERT INTO `xml`.`user_authority` (`user_id`, `authority_id`) VALUES ('2', '2');
INSERT INTO `xml`.`user_authority` (`user_id`, `authority_id`) VALUES ('3', '3');
INSERT INTO `xml`.`user_authority` (`user_id`, `authority_id`) VALUES ('4', '3');
INSERT INTO `xml`.`user_authority` (`user_id`, `authority_id`) VALUES ('5', '3');
INSERT INTO `xml`.`user_authority` (`user_id`, `authority_id`) VALUES ('6', '3');
INSERT INTO `xml`.`user_authority` (`user_id`, `authority_id`) VALUES ('7', '3');
INSERT INTO `xml`.`user_authority` (`user_id`, `authority_id`) VALUES ('8', '3');
INSERT INTO `xml`.`user_authority` (`user_id`, `authority_id`) VALUES ('9', '3');
INSERT INTO `xml`.`user_authority` (`user_id`, `authority_id`) VALUES ('10', '3');


/* permissions */
INSERT INTO `xml`.`permission` (`id`, `name`) VALUES ('1', 'READ_REGISTRATION_REQUESTS');
INSERT INTO `xml`.`permission` (`id`, `name`) VALUES ('2', 'DELETE_REGISTRATION_REQUESTS');
INSERT INTO `xml`.`permission` (`id`, `name`) VALUES ('3', 'CONFIRM_REGISTRATION_REQUESTS');
INSERT INTO `xml`.`permission` (`id`, `name`) VALUES ('4', 'READ_USER');
INSERT INTO `xml`.`permission` (`id`, `name`) VALUES ('5', 'WHO_AM_I');
INSERT INTO `xml`.`permission` (`id`, `name`) VALUES ('6', 'UPDATE_POSTS');
INSERT INTO `xml`.`permission` (`id`, `name`) VALUES ('7', 'CREATE_PHYSICAL_USER');
INSERT INTO `xml`.`permission` (`id`, `name`) VALUES ('8', 'READ_CUSTOMERS');
INSERT INTO `xml`.`permission` (`id`, `name`) VALUES ('9', 'EDIT_CUSTOMERS');
INSERT INTO `xml`.`permission` (`id`, `name`) VALUES ('10', 'CREATE_AGENTS');
INSERT INTO `xml`.`permission` (`id`, `name`) VALUES ('11', 'READ_ADVERTISEMENTS');
INSERT INTO `xml`.`permission` (`id`, `name`) VALUES ('12', 'READ_USER_ADVERTISEMENTS');
INSERT INTO `xml`.`permission` (`id`, `name`) VALUES ('13', 'CREATE_ADVERTISEMENTS');
INSERT INTO `xml`.`permission` (`id`, `name`) VALUES ('14', 'UPLOAD_PHOTOS');
INSERT INTO `xml`.`permission` (`id`, `name`) VALUES ('15', 'BASIC_SEARCH');
INSERT INTO `xml`.`permission` (`id`, `name`) VALUES ('16', 'BASIC_SEARCH_USER');
INSERT INTO `xml`.`permission` (`id`, `name`) VALUES ('17', 'RATE_CAR');
INSERT INTO `xml`.`permission` (`id`, `name`) VALUES ('18', 'READ_COMMENTS');
INSERT INTO `xml`.`permission` (`id`, `name`) VALUES ('19', 'READ_APPROVED_COMMENTS');
INSERT INTO `xml`.`permission` (`id`, `name`) VALUES ('20', 'REPLY_COMMENT');
INSERT INTO `xml`.`permission` (`id`, `name`) VALUES ('21', 'CREATE_COMMENT');
INSERT INTO `xml`.`permission` (`id`, `name`) VALUES ('22', 'APPROVE_COMMENT');
INSERT INTO `xml`.`permission` (`id`, `name`) VALUES ('23', 'DECLINE_COMMENT');
INSERT INTO `xml`.`permission` (`id`, `name`) VALUES ('24', 'FEEDBACK');
INSERT INTO `xml`.`permission` (`id`, `name`) VALUES ('25', 'READ_CAR_BRANDS');
INSERT INTO `xml`.`permission` (`id`, `name`) VALUES ('26', 'CREATE_CAR_BRANDS');
INSERT INTO `xml`.`permission` (`id`, `name`) VALUES ('27', 'EDIT_CAR_BRANDS');
INSERT INTO `xml`.`permission` (`id`, `name`) VALUES ('28', 'READ_CAR_CLASSES');
INSERT INTO `xml`.`permission` (`id`, `name`) VALUES ('29', 'CREATE_CAR_CLASSES');
INSERT INTO `xml`.`permission` (`id`, `name`) VALUES ('30', 'EDIT_CAR_CLASSES');
INSERT INTO `xml`.`permission` (`id`, `name`) VALUES ('31', 'READ_CAR_MODELS');
INSERT INTO `xml`.`permission` (`id`, `name`) VALUES ('32', 'CREATE_CAR_MODELS');
INSERT INTO `xml`.`permission` (`id`, `name`) VALUES ('33', 'EDIT_CAR_MODELS');
INSERT INTO `xml`.`permission` (`id`, `name`) VALUES ('34', 'READ_FUEL_TYPES');
INSERT INTO `xml`.`permission` (`id`, `name`) VALUES ('35', 'CREATE_FUEL_TYPES');
INSERT INTO `xml`.`permission` (`id`, `name`) VALUES ('36', 'EDIT_FUEL_TYPES');
INSERT INTO `xml`.`permission` (`id`, `name`) VALUES ('37', 'READ_TRANSMISSION_TYPES');
INSERT INTO `xml`.`permission` (`id`, `name`) VALUES ('38', 'CREATE_TRANSMISSION_TYPES');
INSERT INTO `xml`.`permission` (`id`, `name`) VALUES ('39', 'EDIT_TRANSMISSION_TYPES');
INSERT INTO `xml`.`permission` (`id`, `name`) VALUES ('40', 'READ_PRICELISTS');
INSERT INTO `xml`.`permission` (`id`, `name`) VALUES ('41', 'PEOPLE_FOR_CHAT');
INSERT INTO `xml`.`permission` (`id`, `name`) VALUES ('42', 'READ_MESSAGES');
INSERT INTO `xml`.`permission` (`id`, `name`) VALUES ('43', 'CREATE_MESSAGE');
INSERT INTO `xml`.`permission` (`id`, `name`) VALUES ('44', 'CREATE_RENT_REQUESTS');
INSERT INTO `xml`.`permission` (`id`, `name`) VALUES ('45', 'READ_RENT_REQUESTS');
INSERT INTO `xml`.`permission` (`id`, `name`) VALUES ('46', 'EDIT_RENT_REQUESTS');

/* authorities_permission */
/* admin = authority = 1 */
INSERT INTO `xml`.`authority_permission` (`authority_id`, `permission_id`) VALUES ('1', '1');
INSERT INTO `xml`.`authority_permission` (`authority_id`, `permission_id`) VALUES ('1', '2');
INSERT INTO `xml`.`authority_permission` (`authority_id`, `permission_id`) VALUES ('1', '3');
INSERT INTO `xml`.`authority_permission` (`authority_id`, `permission_id`) VALUES ('1', '4');
INSERT INTO `xml`.`authority_permission` (`authority_id`, `permission_id`) VALUES ('1', '5');
INSERT INTO `xml`.`authority_permission` (`authority_id`, `permission_id`) VALUES ('1', '8');
INSERT INTO `xml`.`authority_permission` (`authority_id`, `permission_id`) VALUES ('1', '9');
INSERT INTO `xml`.`authority_permission` (`authority_id`, `permission_id`) VALUES ('1', '10');
INSERT INTO `xml`.`authority_permission` (`authority_id`, `permission_id`) VALUES ('1', '11');
INSERT INTO `xml`.`authority_permission` (`authority_id`, `permission_id`) VALUES ('1', '12');
INSERT INTO `xml`.`authority_permission` (`authority_id`, `permission_id`) VALUES ('1', '18');
INSERT INTO `xml`.`authority_permission` (`authority_id`, `permission_id`) VALUES ('1', '19');
INSERT INTO `xml`.`authority_permission` (`authority_id`, `permission_id`) VALUES ('1', '22');
INSERT INTO `xml`.`authority_permission` (`authority_id`, `permission_id`) VALUES ('1', '23');
INSERT INTO `xml`.`authority_permission` (`authority_id`, `permission_id`) VALUES ('1', '25');
INSERT INTO `xml`.`authority_permission` (`authority_id`, `permission_id`) VALUES ('1', '26');
INSERT INTO `xml`.`authority_permission` (`authority_id`, `permission_id`) VALUES ('1', '27');
INSERT INTO `xml`.`authority_permission` (`authority_id`, `permission_id`) VALUES ('1', '28');
INSERT INTO `xml`.`authority_permission` (`authority_id`, `permission_id`) VALUES ('1', '29');
INSERT INTO `xml`.`authority_permission` (`authority_id`, `permission_id`) VALUES ('1', '30');
INSERT INTO `xml`.`authority_permission` (`authority_id`, `permission_id`) VALUES ('1', '31');
INSERT INTO `xml`.`authority_permission` (`authority_id`, `permission_id`) VALUES ('1', '32');
INSERT INTO `xml`.`authority_permission` (`authority_id`, `permission_id`) VALUES ('1', '33');
INSERT INTO `xml`.`authority_permission` (`authority_id`, `permission_id`) VALUES ('1', '34');
INSERT INTO `xml`.`authority_permission` (`authority_id`, `permission_id`) VALUES ('1', '35');
INSERT INTO `xml`.`authority_permission` (`authority_id`, `permission_id`) VALUES ('1', '36');
INSERT INTO `xml`.`authority_permission` (`authority_id`, `permission_id`) VALUES ('1', '37');
INSERT INTO `xml`.`authority_permission` (`authority_id`, `permission_id`) VALUES ('1', '38');
INSERT INTO `xml`.`authority_permission` (`authority_id`, `permission_id`) VALUES ('1', '39');
INSERT INTO `xml`.`authority_permission` (`authority_id`, `permission_id`) VALUES ('1', '40');
INSERT INTO `xml`.`authority_permission` (`authority_id`, `permission_id`) VALUES ('1', '41');

/* agent = authority = 2 */
INSERT INTO `xml`.`authority_permission` (`authority_id`, `permission_id`) VALUES ('2', '4');
INSERT INTO `xml`.`authority_permission` (`authority_id`, `permission_id`) VALUES ('2', '5');
INSERT INTO `xml`.`authority_permission` (`authority_id`, `permission_id`) VALUES ('2', '7');
INSERT INTO `xml`.`authority_permission` (`authority_id`, `permission_id`) VALUES ('2', '11');
INSERT INTO `xml`.`authority_permission` (`authority_id`, `permission_id`) VALUES ('2', '12');
INSERT INTO `xml`.`authority_permission` (`authority_id`, `permission_id`) VALUES ('2', '13');
INSERT INTO `xml`.`authority_permission` (`authority_id`, `permission_id`) VALUES ('2', '14');
INSERT INTO `xml`.`authority_permission` (`authority_id`, `permission_id`) VALUES ('2', '15');
INSERT INTO `xml`.`authority_permission` (`authority_id`, `permission_id`) VALUES ('2', '16');
INSERT INTO `xml`.`authority_permission` (`authority_id`, `permission_id`) VALUES ('2', '19');
INSERT INTO `xml`.`authority_permission` (`authority_id`, `permission_id`) VALUES ('2', '20');
INSERT INTO `xml`.`authority_permission` (`authority_id`, `permission_id`) VALUES ('2', '21');
INSERT INTO `xml`.`authority_permission` (`authority_id`, `permission_id`) VALUES ('2', '25');
INSERT INTO `xml`.`authority_permission` (`authority_id`, `permission_id`) VALUES ('2', '28');
INSERT INTO `xml`.`authority_permission` (`authority_id`, `permission_id`) VALUES ('2', '31');
INSERT INTO `xml`.`authority_permission` (`authority_id`, `permission_id`) VALUES ('2', '34');
INSERT INTO `xml`.`authority_permission` (`authority_id`, `permission_id`) VALUES ('2', '37');
INSERT INTO `xml`.`authority_permission` (`authority_id`, `permission_id`) VALUES ('2', '40');
INSERT INTO `xml`.`authority_permission` (`authority_id`, `permission_id`) VALUES ('2', '41');
INSERT INTO `xml`.`authority_permission` (`authority_id`, `permission_id`) VALUES ('2', '42');
INSERT INTO `xml`.`authority_permission` (`authority_id`, `permission_id`) VALUES ('2', '43');
INSERT INTO `xml`.`authority_permission` (`authority_id`, `permission_id`) VALUES ('2', '44');
INSERT INTO `xml`.`authority_permission` (`authority_id`, `permission_id`) VALUES ('2', '45');
INSERT INTO `xml`.`authority_permission` (`authority_id`, `permission_id`) VALUES ('2', '46');

/* customer = authority = 3 */
INSERT INTO `xml`.`authority_permission` (`authority_id`, `permission_id`) VALUES ('3', '4');
INSERT INTO `xml`.`authority_permission` (`authority_id`, `permission_id`) VALUES ('3', '5');
INSERT INTO `xml`.`authority_permission` (`authority_id`, `permission_id`) VALUES ('3', '6');
INSERT INTO `xml`.`authority_permission` (`authority_id`, `permission_id`) VALUES ('3', '7');
INSERT INTO `xml`.`authority_permission` (`authority_id`, `permission_id`) VALUES ('3', '11');
INSERT INTO `xml`.`authority_permission` (`authority_id`, `permission_id`) VALUES ('3', '12');
INSERT INTO `xml`.`authority_permission` (`authority_id`, `permission_id`) VALUES ('3', '13');
INSERT INTO `xml`.`authority_permission` (`authority_id`, `permission_id`) VALUES ('3', '14');
INSERT INTO `xml`.`authority_permission` (`authority_id`, `permission_id`) VALUES ('3', '15');
INSERT INTO `xml`.`authority_permission` (`authority_id`, `permission_id`) VALUES ('3', '16');
INSERT INTO `xml`.`authority_permission` (`authority_id`, `permission_id`) VALUES ('3', '17');
INSERT INTO `xml`.`authority_permission` (`authority_id`, `permission_id`) VALUES ('3', '19');
INSERT INTO `xml`.`authority_permission` (`authority_id`, `permission_id`) VALUES ('3', '20');
INSERT INTO `xml`.`authority_permission` (`authority_id`, `permission_id`) VALUES ('3', '21');
INSERT INTO `xml`.`authority_permission` (`authority_id`, `permission_id`) VALUES ('3', '24');
INSERT INTO `xml`.`authority_permission` (`authority_id`, `permission_id`) VALUES ('3', '25');
INSERT INTO `xml`.`authority_permission` (`authority_id`, `permission_id`) VALUES ('3', '28');
INSERT INTO `xml`.`authority_permission` (`authority_id`, `permission_id`) VALUES ('3', '31');
INSERT INTO `xml`.`authority_permission` (`authority_id`, `permission_id`) VALUES ('3', '34');
INSERT INTO `xml`.`authority_permission` (`authority_id`, `permission_id`) VALUES ('3', '37');
INSERT INTO `xml`.`authority_permission` (`authority_id`, `permission_id`) VALUES ('3', '40');
INSERT INTO `xml`.`authority_permission` (`authority_id`, `permission_id`) VALUES ('3', '41');
INSERT INTO `xml`.`authority_permission` (`authority_id`, `permission_id`) VALUES ('3', '42');
INSERT INTO `xml`.`authority_permission` (`authority_id`, `permission_id`) VALUES ('3', '43');
INSERT INTO `xml`.`authority_permission` (`authority_id`, `permission_id`) VALUES ('3', '44');
INSERT INTO `xml`.`authority_permission` (`authority_id`, `permission_id`) VALUES ('3', '45');
INSERT INTO `xml`.`authority_permission` (`authority_id`, `permission_id`) VALUES ('3', '46');

/* registration_requests */
INSERT INTO `xml`.`registration_request` (`id`, `username`, `password`, `first_name`, `last_name`, `country`, `city`, `email`, `phone`, `address`, `deleted`) VALUES ('1', 'peraperic', '123123', 'Pera', 'Peric', 'Serbia', 'Novi Sad', 'periccc@gmail.com', '0625555555', 'Kopernikova', b'0');
INSERT INTO `xml`.`registration_request` (`id`, `username`, `password`, `first_name`, `last_name`, `country`, `city`, `email`, `phone`, `address`, `deleted`) VALUES ('2', 'stefanovics', '123123', 'Stefan', 'Stefanovic', 'Serbia', 'Belgrade', 'stefanoviccc@gmail.com', '0611111111', 'Cvijiceva', b'0');
INSERT INTO `xml`.`registration_request` (`id`, `username`, `password`, `first_name`, `last_name`, `country`, `city`, `email`, `phone`, `address`, `deleted`) VALUES ('3', 'markoviccc', '123123', 'Marko', 'Markovic', 'Serbia', 'Belgrade', 'markoviccc@gmail.com', '0693322111', 'Vojislava Ilica', b'0');
