/* cars */
INSERT INTO `xml`.`car` (`id`, `allowed_distance`, `average_rating`, `child_seats`, `collision_damage_waiver_exists`, `has_android`, `mileage`, `times_rated`, `car_brand_id`, `car_class_id`, `car_model_id`, `fuel_type_id`, `transmission_type_id`,`android_token`) VALUES ('1', '1000000', '4.7', '2', b'1', b'1', '100000', '7', '1', '1', '1', '1', '1','asdfghtrlo');
INSERT INTO `xml`.`car` (`id`, `allowed_distance`, `average_rating`, `child_seats`, `collision_damage_waiver_exists`, `has_android`, `mileage`, `times_rated`, `car_brand_id`, `car_class_id`, `car_model_id`, `fuel_type_id`, `transmission_type_id`,`android_token`) VALUES ('2', '1000000', '4.5', '0', b'1', b'0', '200000', '2', '2', '8', '5', '2', '3',null);
INSERT INTO `xml`.`car` (`id`, `allowed_distance`, `average_rating`, `child_seats`, `collision_damage_waiver_exists`, `has_android`, `mileage`, `times_rated`, `car_brand_id`, `car_class_id`, `car_model_id`, `fuel_type_id`, `transmission_type_id`,`android_token`) VALUES ('3', '500', '3', '0', b'0', b'0', '155000', '3', '7', '2', '20', '2', '1',null);
INSERT INTO `xml`.`car` (`id`, `allowed_distance`, `average_rating`, `child_seats`, `collision_damage_waiver_exists`, `has_android`, `mileage`, `times_rated`, `car_brand_id`, `car_class_id`, `car_model_id`, `fuel_type_id`, `transmission_type_id`,`android_token`) VALUES ('4', '1200', '5', '0', b'1', b'1', '12000', '3', '5', '8', '14', '2', '2','asefghjklo');
INSERT INTO `xml`.`car` (`id`, `allowed_distance`, `average_rating`, `child_seats`, `collision_damage_waiver_exists`, `has_android`, `mileage`, `times_rated`, `car_brand_id`, `car_class_id`, `car_model_id`, `fuel_type_id`, `transmission_type_id`,`android_token`) VALUES ('5', '1500', '3.5', '1', b'0', b'0', '300000', '2', '3', '1', '10', '3', '1',null);
INSERT INTO `xml`.`car` (`id`, `allowed_distance`, `average_rating`, `child_seats`, `collision_damage_waiver_exists`, `has_android`, `mileage`, `times_rated`, `car_brand_id`, `car_class_id`, `car_model_id`, `fuel_type_id`, `transmission_type_id`,`android_token`) VALUES ('6', '500', '4.2', '2', b'1', b'1', '124000', '3', '9', '2', '26', '5', '2','asdfyyjklo');
INSERT INTO `xml`.`car` (`id`, `allowed_distance`, `average_rating`, `child_seats`, `collision_damage_waiver_exists`, `has_android`, `mileage`, `times_rated`, `car_brand_id`, `car_class_id`, `car_model_id`, `fuel_type_id`, `transmission_type_id`,`android_token`) VALUES ('7', '1000', '4.6', '1', b'1', b'0', '24000', '5', '10', '4', '27', '2', '3',null);
INSERT INTO `xml`.`car` (`id`, `allowed_distance`, `average_rating`, `child_seats`, `collision_damage_waiver_exists`, `has_android`, `mileage`, `times_rated`, `car_brand_id`, `car_class_id`, `car_model_id`, `fuel_type_id`, `transmission_type_id`,`android_token`) VALUES ('8', '300', '5.0', '0', b'1', b'0', '96000', '3', '4', '3', '12', '1', '1',null);
INSERT INTO `xml`.`car` (`id`, `allowed_distance`, `average_rating`, `child_seats`, `collision_damage_waiver_exists`, `has_android`, `mileage`, `times_rated`, `car_brand_id`, `car_class_id`, `car_model_id`, `fuel_type_id`, `transmission_type_id`,`android_token`) VALUES ('9', '2000', '3.9', '3', b'0', b'1', '196000', '4', '8', '8', '24', '2', '3','asdfghjklo');
INSERT INTO `xml`.`car` (`id`, `allowed_distance`, `average_rating`, `child_seats`, `collision_damage_waiver_exists`, `has_android`, `mileage`, `times_rated`, `car_brand_id`, `car_class_id`, `car_model_id`, `fuel_type_id`, `transmission_type_id`,`android_token`) VALUES ('10', '2000', '4.1', '0', b'1', b'1', '106000', '4', '6', '2', '17', '2', '2','asdfghtklo');

/* advertisements */
INSERT INTO `xml`.`advertisement` (`id`, `available_from`, `available_to`, `advertiser_id`, `car_id`, `pricelist_id`,`valid`) VALUES ('1', '2020-07-01 22:00:00.000000', '2020-07-20 22:00:00.000000', '2', '1', '1', b'1');
INSERT INTO `xml`.`advertisement` (`id`, `available_from`, `available_to`, `advertiser_id`, `car_id`, `pricelist_id`,`valid`) VALUES ('2', '2020-07-01 22:00:00.000000', '2020-07-25 22:00:00.000000', '2', '2', '1', b'1');
INSERT INTO `xml`.`advertisement` (`id`, `available_from`, `available_to`, `advertiser_id`, `car_id`, `pricelist_id`,`valid`) VALUES ('3', '2020-07-01 22:00:00.000000', '2020-07-20 22:00:00.000000', '2', '3', '2', b'1');
INSERT INTO `xml`.`advertisement` (`id`, `available_from`, `available_to`, `advertiser_id`, `car_id`, `pricelist_id`,`valid`) VALUES ('4', '2020-07-10 22:00:00.000000', '2020-07-05 22:00:00.000000', '2', '4', '3', b'1');
INSERT INTO `xml`.`advertisement` (`id`, `available_from`, `available_to`, `advertiser_id`, `car_id`, `pricelist_id`,`valid`) VALUES ('5', '2020-07-10 22:00:00.000000', '2020-07-25 22:00:00.000000', '2', '5', '5', b'1');
INSERT INTO `xml`.`advertisement` (`id`, `available_from`, `available_to`, `advertiser_id`, `car_id`, `pricelist_id`,`valid`) VALUES ('6', '2020-07-10 22:00:00.000000', '2020-08-25 22:00:00.000000', '2', '6', '7', b'1');
INSERT INTO `xml`.`advertisement` (`id`, `available_from`, `available_to`, `advertiser_id`, `car_id`, `pricelist_id`,`valid`) VALUES ('7', '2020-07-01 22:00:00.000000', '2020-08-05 22:00:00.000000', '2', '7', '4', b'1');
INSERT INTO `xml`.`advertisement` (`id`, `available_from`, `available_to`, `advertiser_id`, `car_id`, `pricelist_id`,`valid`) VALUES ('8', '2020-07-25 22:00:00.000000', '2020-08-05 22:00:00.000000', '2', '8', '7', b'1');
INSERT INTO `xml`.`advertisement` (`id`, `available_from`, `available_to`, `advertiser_id`, `car_id`, `pricelist_id`,`valid`) VALUES ('9', '2020-07-10 22:00:00.000000', '2020-08-05 22:00:00.000000', '2', '9', '2', b'1');
INSERT INTO `xml`.`advertisement` (`id`, `available_from`, `available_to`, `advertiser_id`, `car_id`, `pricelist_id`,`valid`) VALUES ('10', '2020-07-01 22:00:00.000000', '2020-08-01 22:00:00.000000', '2', '10', '3', b'1');

/* advertisement-discount */
INSERT INTO `xml`.`advertisement_discount` (`advertisement_id`, `discount`, `days`) VALUES ('1', '10', '10');
INSERT INTO `xml`.`advertisement_discount` (`advertisement_id`, `discount`, `days`) VALUES ('2', '20', '20');
INSERT INTO `xml`.`advertisement_discount` (`advertisement_id`, `discount`, `days`) VALUES ('3', '7', '5');
INSERT INTO `xml`.`advertisement_discount` (`advertisement_id`, `discount`, `days`) VALUES ('4', '15', '15');
INSERT INTO `xml`.`advertisement_discount` (`advertisement_id`, `discount`, `days`) VALUES ('5', '12', '13');
INSERT INTO `xml`.`advertisement_discount` (`advertisement_id`, `discount`, `days`) VALUES ('6', '2', '2');
INSERT INTO `xml`.`advertisement_discount` (`advertisement_id`, `discount`, `days`) VALUES ('7', '14', '12');
INSERT INTO `xml`.`advertisement_discount` (`advertisement_id`, `discount`, `days`) VALUES ('8', '8', '22');
INSERT INTO `xml`.`advertisement_discount` (`advertisement_id`, `discount`, `days`) VALUES ('9', '21', '12');
INSERT INTO `xml`.`advertisement_discount` (`advertisement_id`, `discount`, `days`) VALUES ('10', '9', '5');
INSERT INTO `xml`.`advertisement_discount` (`advertisement_id`, `discount`, `days`) VALUES ('1', '15', '15');
INSERT INTO `xml`.`advertisement_discount` (`advertisement_id`, `discount`, `days`) VALUES ('3', '10', '10');
INSERT INTO `xml`.`advertisement_discount` (`advertisement_id`, `discount`, `days`) VALUES ('4', '17', '16');
INSERT INTO `xml`.`advertisement_discount` (`advertisement_id`, `discount`, `days`) VALUES ('6', '4', '4');
INSERT INTO `xml`.`advertisement_discount` (`advertisement_id`, `discount`, `days`) VALUES ('7', '20', '15');
INSERT INTO `xml`.`advertisement_discount` (`advertisement_id`, `discount`, `days`) VALUES ('4', '18', '17');

/* comments */
INSERT INTO `xml`.`comment` (`id`, `approved`, `comment`, `reply`, `advertisement_id`, `commenter_id`, `rejected`) VALUES ('1', b'0', 'Volvo je masinerija.', 'Kao tenk.', '1', '1', b'0');
INSERT INTO `xml`.`comment` (`id`, `approved`, `comment`, `reply`, `advertisement_id`, `commenter_id`, `rejected`) VALUES ('2', b'0', 'Auto je bas lep. Ide ovaj volvo', null, '1', '1', b'0');
INSERT INTO `xml`.`comment` (`id`, `approved`, `comment`, `reply`, `advertisement_id`, `commenter_id`, `rejected`) VALUES ('3', b'1', 'Al je udoban.', 'Kao u duseku.', '1', '1', b'0');
INSERT INTO `xml`.`comment` (`id`, `approved`, `comment`, `reply`, `advertisement_id`, `commenter_id`, `rejected`) VALUES ('4', b'0', 'Auto je bas lep', null, '2', '1', b'0');
INSERT INTO `xml`.`comment` (`id`, `approved`, `comment`, `reply`, `advertisement_id`, `commenter_id`, `rejected`) VALUES ('5', b'1', 'Ne rade brisaci omg', 'Jeste slazem se', '3', '1', b'0');
INSERT INTO `xml`.`comment` (`id`, `approved`, `comment`, `reply`, `advertisement_id`, `commenter_id`, `rejected`) VALUES ('6', b'1', 'Sve je super', null, '4', '1', b'0');
INSERT INTO `xml`.`comment` (`id`, `approved`, `comment`, `reply`, `advertisement_id`, `commenter_id`, `rejected`) VALUES ('7', b'0', 'Njesra', null, '5', '1', b'0');
INSERT INTO `xml`.`comment` (`id`, `approved`, `comment`, `reply`, `advertisement_id`, `commenter_id`, `rejected`) VALUES ('8', b'1', 'Previse se cuje auspuh.', 'Hvala Vam, popravicemo to.', '6', '3', b'0');
INSERT INTO `xml`.`comment` (`id`, `approved`, `comment`, `reply`, `advertisement_id`, `commenter_id`, `rejected`) VALUES ('9', b'1', 'Auto je bas lep', 'Jeste slazem se', '6', '3', b'0');
INSERT INTO `xml`.`comment` (`id`, `approved`, `comment`, `reply`, `advertisement_id`, `commenter_id`, `rejected`) VALUES ('10', b'1', 'Auto je bas lep', null, '8', '3', b'0');
INSERT INTO `xml`.`comment` (`id`, `approved`, `comment`, `reply`, `advertisement_id`, `commenter_id`, `rejected`) VALUES ('11', b'0', 'Krs, najiskrenije', 'Ok', '8', '3', b'1');
INSERT INTO `xml`.`comment` (`id`, `approved`, `comment`, `reply`, `advertisement_id`, `commenter_id`, `rejected`) VALUES ('12', b'0', 'Koja sitara od auta', 'Jeste slazem se', '9', '3', b'0');
INSERT INTO `xml`.`comment` (`id`, `approved`, `comment`, `reply`, `advertisement_id`, `commenter_id`, `rejected`) VALUES ('13', b'1', 'Auto je bas lep', 'Jeste slazem se', '9', '3', b'0');
INSERT INTO `xml`.`comment` (`id`, `approved`, `comment`, `reply`, `advertisement_id`, `commenter_id`, `rejected`) VALUES ('14', b'0', 'Ukrali ste mi deset poena pozz', 'Jeste slazem se', '10', '3', b'0');
